Sigla,Pedido,Depósito,Título,Linguagem,Campo de Aplicação,Tipo Programa,Nome do Titular:,Nome do Autor,Nome do Procurador:,,
UESPI ,BR 51 2022 000232 9,04/02/2022,AnestesiaFC,JAVA, SD-05 ( Assistencia médica), AP-01  (Aplicativos),UNIVERSIDADE ESTADUAL DO PIAUI / UNIVERSIDADE FEDERAL DO PIAUÍ,FRANCISCO DAS CHAGAS ALVES LIMA / JANILDO LOPES MAGALHAES / OLIMPIO PEREIRA DE SÁ NETO / RITA DE CÁSSIA CERQUEIRA VIANA / SERGIO BARROS DE SOUSA,-,,finalizado - JÚLIA
UESPI ,BR 51 2021 002923 2,1/12/2021,SEART - SOFTWARE EDUCACIONAL PARA PREENCHIMENTO DE ANOTAÇÃO DE RESPONSABILIDADE TÉCNICA, JAVA / JSF, CC-01 (Construção),"  AP-01 , GI-01 , GI-02 (Aplicativos - Gerenciador de informações - Gerenciador de banco de dados)", FUNDAÇÃO DA UNIVERSIDADE ESTADUAL DO PIAUÍ,ANTÔNIO RODRIGUES DOS SANTOS JÚNIOR / ARTEMÁRIA COÊLHO DE ANDRADE / CONSTANTINO AUGUTO DIAS NETO,-,,
UESPI ,BR 51 2021 002596 2,08/11/2021,SEART - SOFTWARE EDUCACIONAL PARA PREENCHIMENTO DE ANOTAÇÃO DE RESPONSABLIDADE TÉCNICA, JAVA / JSF, CC-01 (Construção),"  AP-01 , GI-01 , GI-02 (Aplicativos - Gerenciador de informações - Gerenciador de banco de dados)", FUNDAÇÃO DA UNIVERSIDADE ESTADUAL DO PIAUÍ,ANTÔNIO RODRIGUES DOS SANTOS JÚNIOR / ARTEMÁRIA COÊLHO DE ANDRADE / CONSTANTINO AUGUTO DIAS NETO,-,,até 2023
UESPI ,BR 51 2021 001568 1,12/07/2021,OBESERVA COVID BARREIRA SANITÁRIA,JAVA SCRIPT, IF-07 / SD-01 / SD-02 (Ciencias info. - Saúde - Adm Sanit),"  AP-01 , GI-01 , SO-05 , TC-01 , TI-03  (Aplicativos - Gerenciador de informações - Gerenciador de usuarios - Aplicações teécnico científicas - Transmissão de dados)",FUNDAÇÃO DA UNIVERSIDADE ESTADUAL DO PIAUÍ,DARIO BRITO CALÇADA / JOHN KEVID RODRIGUES CARDOZO / RENAN FIALHO DO NASCIMENTO,-,,
UESPI ,BR 51 2021 001567 3,12/07/2021,OBSERVA COVID BUSCA ATIVA,JAVA SCRIPT, IF-07 / SD-01 / SD-02 (Ciencias info. - Saúde - Adm Sanit),"  AP-01 , GI-01 , SO-05 , TC-01 , TI-03  (Aplicativos - Gerenciador de informações - Gerenciador de usuarios - Aplicações teécnico científicas - Transmissão de dados)",FUNDAÇÃO DA UNIVERSIDADE ESTADUAL DO PIAUÍ,DARIO BRITO CALÇADA / JOHN KEVID RODRIGUES CARDOZO / RENAN FIALHO DO NASCIMENTO,-,,
UESPI ,BR 51 2019 002316 1,16/10/2019,PREDICTED HLA THREE-DIMENSIONAL STRUCTURES DATABASE,RUBY, BL-07 / SD-09 (), GI-01 (Gerenciador de informaçõe),"FUNDAÇÃO INSTITUTO FEDERAL DE EDUCAÇÃO, CIÊNCIA E TECNOLOGIA DO PIAUÍ / FUNDAÇÃO UNIVERSIDADE ESTADUAL DO PIAUÍ / UNIVERSIDADE FEDERAL DO PIAUÍ",ADALBERTO SOCORRO DA SILVA / ANTONIO GILBERTO BORGES COELHO / ANTONIO VANILDO DE SOUSA LIMA / DEYLANE MENEZES TELES E OLIVEIRA / FRANCISCO DAS CHAGAS ALVES LIMA / JHONATAN MATHEUS SOUSA COSTA / LUIZ CLAUDIO DEMES DA MATA SOUSA / MÁRIO SÉRGIO COELHO MARROQUIM / RAFAEL MELO SANTOS DE SERPA BRANDÃO / RICARDO MARTINS RAMOS / SEMIRAMIS JAMIL HADAD DO MONTE,-,,
UFPI,BR 51 2023 004201 3,28/12/2023,Software Preditivo Fuzzy,DJANGO / OUTROS / PYTHON,SD-08 (Espec Med Especialidades Médicas),SM-01 Simul & Mod - Simulaçäo e Modelagem, UNIVERSIDADE FEDERAL DO PIAUÍ,DIEGO FERREIRA GOMES / EVERALDO ARAÚJO FERREIRA / JEFFERSON CRUZ DOS SANTOS LEITE / MARIA DO SOCORRO PIRES E CRUZ,,,
UFPI,BR 51 2023 003698 6,30/11/2023,Funcracionalbot Joystick,PYTHON,ED-01 Ensin Regl Ensino regular,AP-01 APLICATIVO - APLICATIVOS, UNIVERSIDADE FEDERAL DO PIAUÍ, CLEIDINALDO AGUIAR SOUZA,,,
UFPI,BR 51 2023 003696 0,30/11/2023,Circmatbot2 Joystick,PYTHON,ED-01 Ensin Regl Ensino regular,AP-01 APLICATIVO - APLICATIVOS, UNIVERSIDADE FEDERAL DO PIAUÍ, CLEIDINALDO AGUIAR SOUZA,,,
UFPI,BR 51 2023 003695 1,30/11/2023,Cubicbot Joystick,PYTHON,ED-01 Ensin Regl Ensino regular,AP-01 APLICATIVO - APLICATIVOS, UNIVERSIDADE FEDERAL DO PIAUÍ, CLEIDINALDO AGUIAR SOUZA,,,
UFPI,BR 51 2023 003694 3,30/11/2023,Paretabot Joystick,PYTHON,ED-01 Ensin Regl Ensino regular,AP-01 APLICATIVO - APLICATIVOS, UNIVERSIDADE FEDERAL DO PIAUÍ, CLEIDINALDO AGUIAR SOUZA,,,
UFPI,BR 51 2023 003335 9,01/11/2023,QoL Monitor, JAVA / OUTROS, IF-10 / IN-02 / SD-01 / SD-06 (Genérico (processamento de dados). -  Tecnologia  - Saúde - Terap Diag)," AP-01 , FA-01 , IA-01 (APLICATIVO - Ferramenta de Apoio - Inteligência Artificial)", UNIVERSIDADE FEDERAL DO CEARÁ / UNIVERSIDADE FEDERAL DO PIAUÍ (UFPI),PEDRO ALMIR MARTINS DE OLIVEIRA / PEDRO DE ALCÂNTARA DOS SANTOS NETO / ROSSANA MARIA DE CASTRO ANDRADE,,,
UFPI,BR 51 2023 003062 7,11/10/2023,NUVSynth: Um gerador de dados sintéticos de serviços de nuvem,PYTHON,IN-02 Tecnologia,FA-01 Ferrm Apoio - Ferramenta de Apoio, UNIVERSIDADE FEDERAL DO PIAUÍ, JULIANA OLIVEIRA DE CARVALHO / MATHEUS VICTOR FERREIRA DA SILVA,,,
UFPI,BR 51 2023 003059 7,11/10/2023,MOCSynth: Um gerador de dados sintéticos de monitoramento de serviços de nuvem,PYTHON,IN-02 Tecnologia,FA-01 Ferrm Apoio - Ferramenta de Apoio, UNIVERSIDADE FEDERAL DO PIAUÍ, JULIANA OLIVEIRA DE CARVALHO / MATHEUS VICTOR FERREIRA DA SILVA,,,
UFPI,BR 51 2023 002912 2,26/09/2023,Quadraticabot Joystick,PYTHON,ED-01 Ensin Regl Ensino regular,AP-01 APLICATIVO - APLICATIVOS, UNIVERSIDADE FEDERAL DO PIAUÍ, CLEIDINALDO AGUIAR SOUZA,,,
UFPI,BR 51 2023 002910 6,26/09/2023,Circmatbot Joystick,PYTHON,ED-01 Ensin Regl Ensino regular,AP-01 APLICATIVO - APLICATIVOS, UNIVERSIDADE FEDERAL DO PIAUÍ, CLEIDINALDO AGUIAR SOUZA,,,
UFPI,BR 51 2023 002909 2,26/09/2023,Logbot Joystick,PYTHON,ED-01 Ensin Regl Ensino regular,AP-01 APLICATIVO - APLICATIVOS, UNIVERSIDADE FEDERAL DO PIAUÍ, CLEIDINALDO AGUIAR SOUZA,,,
UFPI,BR 51 2023 002908 4,26/09/2023,Expbot Joystick,PYTHON,ED-01 Ensin Regl Ensino regular,AP-01 APLICATIVO - APLICATIVOS, UNIVERSIDADE FEDERAL DO PIAUÍ, CLEIDINALDO AGUIAR SOUZA,,,
UFPI,BR 51 2023 002848 7,22/09/2023,OQCBFV-Modelo de otimização da quantidade de clusters baseado em faixa de valores dos atributos,PYTHON,"IF-07 Ciênc Info (sistema de informaçäo, rede de informaçäo, teoria da informaçäo, fluxo de informaçäo);"," IA-01 , TC-03 ( Inteligência Artificial - Reconhecimento de Padröes)", UNIVERSIDADE FEDERAL DO PIAUÍ,"ALINE MONTENEGRO LEAL SILVA /ANDRÉ MACEDO SANTANA /FRANCISCO JAIR DE OLIVEIRA NERES /VINÍCIUS PONTE MACHADO    
",,,
UFPI,BR 51 2023 002118 0,19/07/2023,CompositeApp-Lajes Mistas,CSS / HTML / JAVA,"CC-01 Construçäo (construçäo civil: habitacional, comercial, industrial: construçäo industrializada ou pré-fabricada); ",AP-01 APLICATIVO - APLICATIVOS, UNIVERSIDADE FEDERAL DO PIAUÍ, MARIANA MOHANA RODRIGUES DA SILVA /WALLISON CARLOS DE SOUSA BARBOSA,,,
UFPI,BR 51 2023 001435 4,22/05/2023,Multi-Leuknet - Modelo de Rede Neural Convolucional para Identificação de Leucemias Agudas,PYTHON,"SD-07 Medicina (alopática, hemeopática, preventiva, tropical, nuclear, medicina do trabalho, legal, de urgência);"," IA-01 , TC-03 , TC-04 (Inteligência Artificial - Reconhecimento de Padröes -  Processamento de Imagem)", UNIVERSIDADE FEDERAL DO PIAUÍ,ANDRÉ MACEDO SANTANA / ELINEIDE SILVA DOS SANTOS / KELSON RÔMULO TEIXEIRA AIRES / LUIS HENRIQUE SILVA VOGADO / MAÍLA DE LIMA CLARO / RODRIGO DE MELO SOUZA VERAS,,,
UFPI,BR 51 2023 001404 4,19/05/2023,CURUPIRA, JAVA," EL-01 / EL-04 / MA-01 / MA-02 ( Ecologia - Ec Veg/Anm Ecologia Vegetal/Ecologia Animal - Meio Amb (artificial, natural, política do meio ambiente); -  Recurs Nat )",AP-01 APLICATIVO - APLICATIVOS, UNIVERSIDADE FEDERAL DO PIAUÍ, BRUNO GABRIEL NUNES PRALON / DANIELE TERTULINO DOS SANTOS / JOANARA ARYELLY DE SOUSA OLIVEIRA / LUIZA ESTER ALVES DA CRUZ / NILTON TEIXEIRA BRITO JUNIOR / PABLO OLIVEIRA DE ARAÚJO COSTA / PEDRO IVO SOARES BARBOSA / WEDSON DE MEDEIROS SILVA SOUTO / WELLYSON VIEIRA DIAS,,,
UFPI,BR 51 2023 001021 9,14/04/2023,AutenticaNet: Uma ferramenta para autenticação por reconhecimento facial,PYTHON,IN-02 Tecnologia," AP-01 , DS-04 ( APLICATIVO - Desv c/Metd - Aplicativos Desenvolv. Sist. de acordo com determ. Metodologia)", UNIVERSIDADE FEDERAL DO PIAUÍ,ANTONIO OSEAS DE CARVALHO FILHO / FLÁVIO HENRIQUE DUARTE DE ARAÚJO / JEANDERSON GOMES DE SOUSA / ROMUERE RODRIGUES VELOSO E SILVA,,,
UFPI,BR 51 2023 001017 0,14/04/2023,GEMA CALCULATOR,PYTHON,BL-02 Genética," AP-01 , DS-04 (APLICATIVOS - Desv c/Metd - Aplicativos Desenvolv. Sist. de acordo com determ. Metodologia )", UNIVERSIDADE FEDERAL DO PIAUÍ,ANTONIO OSEAS DE CARVALHO FILHO / FLÁVIO HENRIQUE DUARTE DE ARAÚJO / JOSÉ LINDENBERG ROCHA SARMENTO / LILIAN ROSALINA GOMES SILVA / ROMUERE RODRIGUES VELOSO E SILVA / SANDRA ISABEL CASTAÑEDA CAGUANA,,,
UFPI,BR 51 2023 001015 4,14/04/2023,Mapa da Covid-19 Piauí: uma ferramenta WEB para monitoramento e auxílio na tomada de decisões,JAVA SCRIPT / PYTHON, AD-04 / SD-01 / SD-02 / SD-05 (Adm Publ - Saúde - Adm Sanit - Assist Méd ),"  AP-01 , AP-02 , FA-01 (APLICATIVOS -  Planejamento -  Ferramenta de Apoio)", UNIVERSIDADE FEDERAL DO PIAUÍ,ANTONIO OSEAS DE CARVALHO FILHO / FABBIO ANDERSON SILVA BORGES / FLÁVIO HENRIQUE DUARTE DE ARAÚJO / HECTOR BATISTA RIBEIRO / LUCAS BEZERRA MARQUES DE SOUZA / PATRICK RYAN SALES DOS SANTOS / RICARDO DE ANDRADE LIRA RABÊLO / ROMUERE RODRIGUES VELOSO E SILVA / SAMUEL PEDRO BESERRA DANTAS LÉLIS,,,
UFPI,BR 51 2023 000857 5,29/03/2023,CODEP - COMPACT OPEN-SOURCE DIDACTIC EDUCATION-ORIENTED PROCESSOR,VHDL, IF-01 / IF-07 (Informaçäo -  Ciênc Info ),SM-01 Simul & Mod - Simulaçäo e Modelagem, UNIVERSIDADE FEDERAL DO PIAUÍ,BENJAMIN SANTOS SILVA / ELLEM ALMEIDA AMORIM / IVAN SARAIVA SILVA / LANDERSON MIGUEL SANTOS COSTA / PEDRO FELIPE FERREIRA DE ABREU / SAMIA ISABEL DA ROCHA GONÇALVES / VINICIUS ALVES DE MOURA,,,
UFPI,BR 51 2023 000856 7,29/03/2023,MIC-UFPI- Education-oriented Implementation of MIC Processor, VHDL, IF-01 / IF-07 (Informaçäo -  Ciênc Info ),SM-01 Simul & Mod - Simulaçäo e Modelagem, UNIVERSIDADE FEDERAL DO PIAUÍ,BENJAMIN SANTOS SILVA / IVAN SARAIVA SILVA / SAMIA ISABEL DA ROCHA GONÇALVES / THAYSSA FERNANDA RODRIGUES ALVES,,,
UFPI,BR 51 2023 000698 0,15/03/2023,OutGym,OUTROS, AN-02 / SD-01 ( Desenv soc - Saúde ),AP-01 APLICATIVO - APLICATIVOS, INSTITUTO FEDERAL DO MARANHÃO / UNIVERSIDADE FEDERAL DO PIAUÍ, ANA RAYONARA DE SOUSA ALBUQUERQUE / ELICIANA SELVINA FERREIRA MENDES VIEIRA / LIVIO CESAR CUNHA NUNES,,,
UFPI,BR 51 2023 000286 0,08/02/2023,COMETA 16 - Computer for Every Task Architecture, VHDL, IF-01 / IF-07 (Informaçäo -  Ciênc Info ),SM-01 Simul & Mod - Simulaçäo e Modelagem, UNIVERSIDADE FEDERAL DO PIAUÍ,ANTONIO GERALDO REGO JUNIOR / CAYO CESAR LOPES MASCARENHAS PIRES CARDOSO / CLAUDINEY RYAN DA SILVA / FABIO ANDERSON CARVALHO SILVA / ICARO GABRIEL DE ARAUJO SILVA / IVAN SARAIVA SILVA / NIVALDO NOGUEIRA PARANAGUÁ SANTOS E SILVA,,,
UFPI,BR 51 2022 003205 8,21/11/2022,Rehabilite Game,HTML / JAVA SCRIPT," SD-06 / SD-09 (Terap Diag -  Eng Biomed Engenharia Biomédica, ciências paramédicas )","FA-01 , SO-02 , SO-05 (Ferramenta de Apoio -  Interface de Entrada e Saída - Gerenciador de Usuários)", UNIVERSIDADE FEDERAL DO PIAUÍ, ARIEL SOARES TELES / DANIEL LIMA SOUSA / JACKS RENAN NEVES FERNANDES / JOSE EVERTON DA SILVA FONTENELE / RAYELE PRICILA MOREIRA DOS SANTOS / RENAN FIALHO DO NASCIMENTO / RODRIGO AUGUSTO ROCHA SOUZA BALUZ / SILMAR SILVA TEIXEIRA,,,
UFPI,BR 51 2022 003183 3,18/11/2022,Painel de Indicadores - iCovid UFPI,OUTROS / PYTHON, BL-04 / CO-02 / IF-07 ( Microbiolg -  Ciência - Ciênc Info),"FA-03 , GI-01 , GI-07 , TC-01 , TI-03 (Planilhas Eletrônicas - Gerenciador de Informaçöes - Org Man Arq - Aplicaçöes Técnico-Científicas - Transmissäo de Dados)", UNIVERSIDADE FEDERAL DO PIAUÍ, BEATRIZ FATIMA ALVES DE OLIVEIRA / BRUNO GUEDES ALCOFORADO AGUIAR / DENIVAL NASCIMENTO VIEIRA JUNIOR / EMIDIO MARQUES DE MATOS NETO / JOSE MARIA PIRES DE MENEZES JUNIOR / OSMAR DE OLIVEIRA CARDOSO / PERICLES LUIZ PICANÇO JUNIOR / RONIELE ARAUJO SOUSA,,,
UFPI,BR 51 2022 003133 7,11/11/2022,Aplicativo para auxílio da Avaliação Comportamental baseado em Inteligência Artificial, PYTHON,PS-02 Comportamt (= conduta ou comportamento humano; motivaçäo);,"GI-01 , IA-01 (Gerenciador de Informaçöes -  Inteligência Artificial)", UNIVERSIDADE FEDERAL DO PIAUÍ,CRISTIANE FRANCISCA FERREIRA MATOS / DANIEL FEITOSA DOS SANTOS / ELUVYA TELES PIAUILINO / PEDRO ANTONIO FERNANDES DA SILVA / SARA CAROLINE MILANEZ SANTOS / VINICIUS PONTE MACHADO,,,
UFPI,BR 51 2022 003119 1,10/11/2022,Touch Anatomy: um software sobre Neuroanatomia,OUTROS," MT-06 / SD-09 (Mat Aplic  -  Eng Biomed Engenharia Biomédica, ciências paramédicas)"," AV-01 , DS-04 , TC-04 (Avaliaçäo de Desempenho -  Aplicativos Desenvolv. Sist. de acordo com determ. Metodologia - Processamento de Imagem)", UNIVERSIDADE FEDERAL DO PIAUÍ,IRIS JORDANIA LUZ MOURA / JACKS RENAN NEVES FERNANDES / KYVIA NAYSIS DE ARAUJO SANTOS / MARCO ANTONIO ORSINI NEVES / MARCOS AURELIO AYRES DA SILVA / RODRIGO AUGUSTO ROCHA SOUZA BALUZ / SILMAR SILVA TEIXEIRA / TIEGO ALEXANDRE DO NASCIMENTO,,,
UFPI,BR 51 2022 003118 3,10/11/2022,NitLab Afasia,JAVA SCRIPT / OUTROS,"  SD-01 / SD-06 / SD-09 (Saúde - Terap Diag - Eng Biomed Engenharia Biomédica, ciências paramédicas )"," AP-01 , FA-01 , TC-01 , UT-01 (APLICATIVOS -  Ferramenta de Apoio - Aplicaçöes Técnico-Científicas -  Utilitários)", UNIVERSIDADE FEDERAL DO PIAUÍ,  ARIEL SOARES TELES / CLAUDIA DINIZ DA SILVA / DANIEL DA SILVA FARIAS / JACKS RENAN NEVES FERNANDES / MONARA KEDMA GOMES NUNES / SILMAR SILVA TEIXEIRA,,,
UFPI,BR 51 2022 003114 0,10/11/2022,NitLab NLMeasurer,JAVA SCRIPT / OUTROS,"SD-06 / SD-09 (Terap Diag -  Eng Biomed Engenharia Biomédica, ciências paramédicas)"," FA-01 , SO-02 , SO-05 ( Ferramenta de Apoio -  Interface de Entrada e Saída - Gerenciador de Usuários)", UNIVERSIDADE FEDERAL DO PIAUÍ,ARIEL SOARES TELES / JACKS RENAN NEVES FERNANDES / LUCAS DANIEL BATISTA LIMA / RAYELE PRICILA MOREIRA DOS SANTOS / RENAN FIALHO DO NASCIMENTO / SILMAR SILVA TEIXEIRA,,,
UFPI,BR 51 2022 003113 2,10/11/2022,Sistema de Controle e Aquisição de Dados IV e LV,  PYTHON / XML, CO-02 / EN-05 / FQ-04 (Ciência - Eng Eltrôn -  Metrologia)," FA-04 , IT-02 , SO-04 , TC-01 ( Geradores de Gráficos -  Instrumentaçäo de Teste e Mediçäo - Interface de Comunicaçäo - Aplicaçöes Técnico-Científicas)", UNIVERSIDADE FEDERAL DO PIAUÍ,ALEXANDRE DE CASTRO MACIEL,,,
UFPI,BR 51 2022 003096 9,09/11/2022,Aplicativo FisioHY, OUTROS / RUBY," SD-06 / SD-09 (Terap Diag -  Eng Biomed Engenharia Biomédica, ciências paramédicas)","  FA-01 , SO-02 , SO-05 (Ferramenta de Apoio - Interface de Entrada e Saída -  Gerenciador de Usuários)", UNIVERSIDADE FEDERAL DO PIAUÍ, ARIEL SOARES TELES / CASSIO COSTA ALMEIDA / FRANCISCO ELEZIER XAVIER MAGALHAES / JACKS RENAN NEVES FERNANDES / KALINE DE MELO ROCHA / MARCOS AURELIO AYRES DA SILVA / MARLOS DE CASTRO ALMEIDA / RAYELE PRICILA MOREIRA DOS SANTOS / REGINALDO FARIAS DE CASTRO FILHO / SILMAR SILVA TEIXEIRA / VALECIA NATALIA CARVALHO DA SILVA / VICTOR HUGO DO VALE BASTOS,,,
UFPI,BR 51 2022 003095 0,09/11/2022,Precision Shot Analyzer, C# / PYTHON," MT-06 / SD-09 (Mat Aplic  -  Eng Biomed Engenharia Biomédica, ciências paramédicas)"," AV-01 , DS-04 , TC-04 ( Avaliaçäo de Desempenho -  Aplicativos Desenvolv. Sist. de acordo com determ. Metodologia -  Processamento de Imagem)", UNIVERSIDADE FEDERAL DO PIAUÍ,ARIEL SOARES TELES / ERIC GABRIEL SOUZA CRESPO / FRANCISCO GERSON AMORIM DE MENESES / IRIS JORDANIA LUZ MOURA / JACKS RENAN NEVES FERNANDES / JOSE LUIS DE MAGALHAES MARTIN JUNIOR / MARCOS AURELIO AYRES DA SILVA / SILMAR SILVA TEIXEIRA,,,
UFPI,BR 51 2022 003094 2,09/11/2022,Control Tron,OUTROS,IF-10 Genérico (processamento de dados).,AP-01 APLICATIVO - APLICATIVOS, UNIVERSIDADE FEDERAL DO PIAUÍ, ANTONIA DE MARIA RODRIGUES DE SOUSA CASTRO / AUGUSTO CESAR LIMA TRAJANO / ERIC GABRIEL SOUZA CRESPO / GILDARIO DIAS LIMA / IRIS JORDANIA LUZ MOURA / JARDEL MARDEN ALMEIDA GUIMARAES DUARTE / JOÃO HENRIQUE SILVA SANTOS / LUCAS NASCIMENTO FONTENELE / SILMAR SILVA TEIXEIRA,,,
UFPI,BR 51 2022 003078 0,08/11/2022,Inventário de Edinburgh,JAVA SCRIPT / OUTROS," SD-01 / SD-04 / SD-09 ( Saúde - Defic Fís - Eng Biomed Engenharia Biomédica, ciências paramédicas)"," FA-01 , SO-02 , SO-04 (Ferramenta de Apoio - Interface de Entrada e Saída -  Interface de Comunicaçäo)", UNIVERSIDADE FEDERAL DO PIAUÍ,  ANTONIA DE MARIA RODRIGUES DE SOUSA CASTRO / AUGUSTO CESAR LIMA TRAJANO / ERIC GABRIEL SOUZA CRESPO / FRANCISCO VICTOR COSTA MARINHO / IRIS JORDANIA LUZ MOURA / JACKS RENAN NEVES FERNANDES / JARDEL MARDEN ALMEIDA GUIMARAES DUARTE / JESSICA INARA BRITO DE SIQUEIRA / MARCOS AURELIO AYRES DA SILVA / SILMAR SILVA TEIXEIRA / VICTOR HUGO DO VALE BASTOS,,,
UFPI,BR 51 2022 003075 6,08/11/2022,CONTAEGGS: UMA FERRAMENTA PARA CONTAGEM DE OVOS EM PALHETAS DE OVITRAMPAS, PYTHON,IN-02 Tecnologia," AP-01 , DS-04 (APLICATIVOS -  Aplicativos Desenvolv. Sist. de acordo com determ. Metodologia)", UNIVERSIDADE FEDERAL DO PIAUÍ, ANTONIO OSEAS DE CARVALHO FILHO / FLAVIO HENRIQUE DUARTE DE ARAUJO / LUCAS MARQUES DE SOUSA SILVA / LUCAS SILVA LOPES / ROMUERE RODRIGUES VELOSO E SILVA / VERUSKA CAVALCANTI BARROS,,,
UFPI,BR 51 2022 003074 8,08/11/2022,SISTEMA PARA RECONHECIMENTO DE PADROES EM IMAGENS TOPOGRÁFICAS CORTICAIS OBTIDAS COM A EEG - PATERNEEG, JAVA SCRIPT / PHP / PYTHON,SD-06 Terap Diag," IA-01 , TC-03 , TC-04 (Inteligência Artificial -  Reconhecimento de Padröes - Processamento de Imagem)", UNIVERSIDADE FEDERAL DO PIAUÍ,ARIEL SOARES TELES / DANIEL DA SILVA FARIAS / FRANCISCO GERSON AMORIM DE MENESES / MONARA KEDMA GOMES NUNES / SILMAR SILVA TEIXEIRA,,,
UFPI,BR 51 2022 003068 3,07/11/2022,Programa para Segmentação Semi-Automática de Lesões de Pele,C / MATLAB / PYTHON,"SD-06 Terap Diag (Terapia, diagnóstico médico (terapêutica, fisioterapia, hemoterapia, dieta, etc; diagnóstico: laboratorial, radiológico, síndrome, sintoma);","  TC-01 , TC-03 , TC-04 (Aplicaçöes Técnico-Científicas - Reconhecimento de Padröes - Processamento de Imagem)", UNIVERSIDADE FEDERAL DO PIAUÍ,LINEIDE SILVA DOS SANTOS / HELANO MIGUEL BRASIL FRANÇA PORTELA / JUSTINO DUARTE SANTOS / KELSON RÔMULO TEIXEIRA AIRES / LUÍS GUILHERME TEIXEIRA DOS SANTOS / RODRIGO DE MELO SOUZA VERAS,,,
UFPI,BR 51 2022 003067 5,07/11/2022,"APLICATIVO DE CELULAR ""MAMA MAIS""",FRAMEWORK / JAVA SCRIPT,"SD-01 Saúde (política de saúde, higiene, saúde física, mental, pública);",AP-01 APLICATIVO - APLICATIVOS, UNIVERSIDADE FEDERAL DO PIAUÍ, CAMILA DE SOUSA MOURA ALMEIDA / LUIZ AYRTON SANTOS JUNIOR,,,
UFPI,BR 51 2022 002268 0,22/08/2022,ALGORITMO DE VISÃO COMPUTACIONAL PARA IDENTIFICAÇÃO DE GALINHAS DA RAÇA CANELA-PRETA,PYTHON,"AG-10 Prod Animl (produto animal, zootecnia: tipos de criaçäo, veterinária ou medicina veterinária, zoopatologia, produto veterinário; veterinária preventiva);",TC-04 Proc Imagem - Processamento de Imagem,"FUNDACAO UNIVERSIDADE FEDERAL DO PIAUI - FUFPI / INSTITUTO FEDERAL DE EDUCAÇÃO, CIÊNCIA E TECNOLOGIA DO PIAUÍÍ",JOSÉ DOS SANTOS DE MOURA / NATANAEL PEREIRA DA SILVA SANTOS / OTÍLIO PAULO DA SILVA NETO / ÍCARO VICTOR FÉLIX CAMPELO,,,
UFPI,BR 51 2022 001688 5,06/07/2022,EPLOGIC,PYTHON, SD-01 / SD-08 (Saúde -  Espec Med Especialidades Médicas )," FA-01 , IA-01 (Ferramenta de Apoio -  Inteligência Artificial)", UNIVERSIDADE FEDERAL DO PIAUÍ, ADALBERTO SOCORRO DA SILVA / ANTONIO GILBERTO BORGES COELHO / KEYLLA MARIA DE SÁ URTIGA AITA / LUIZ CLAUDIO DEMES DA MATA SOUSA / MARIO MARROQUIM / SEMIRAMIS JAMIL HADAD DO MONTE / VINICIUS PONTE MACHADO,,,
UFPI,BR 51 2022 001677 0,05/07/2022,LEUKNET - UM MODELO DE REDE NEURAL CONVOLUCIONAL PARA O DIAGNÓSTICO DE LEUCEMIA,PYTHON,"SD-07 Medicina (alopática, hemeopática, preventiva, tropical, nuclear, medicina do trabalho, legal, de urgência);"," IA-01 , TC-03 , TC-04", UNIVERSIDADE FEDERAL DO PIAUÍ,FLÁVIO HENRIQUE DUARTE DE ARAUJO / KELSON RÔMULO TEIXEIRA AIRES / LUIS HENRIQUE SILVA VOGADO / RODRIGO DE MELO SOUZA VERAS / ROMUERE RODRIGUES VELOSO E SILVA,,,
UFPI,BR 51 2022 001172 7,18/05/2022,GERIS UTI, OUTROS,"SD-05 Assist Méd (hospitalar, médico-domiciliar, ambulatorial, médico-sanitária);",AP-01 APLICATIVO - APLICATIVOS,FUNDAÇÃO UNIVERSIDADE ESTADUAL DO CEARÁ - FUNECE / FUNDAÇÃO UNIVERSIDADE FEDERAL DO PIAUI - UFPI,  CASSIO PINHEIRO OLIVEIRA / HENRIQUE JORGE MAIA COSTA / HERLENIA DA PENHA OLIVEIRA CAVALCANTE / NEY RÔMULO DE OLIVEIRA PAULA / PAULO IURY PINHEIRO DA ROCHA,,,
UFPI,BR 51 2022 000232 9,04/02/2022,AnestesiaFC,JAVA,"SD-05 Assist Méd (hospitalar, médico-domiciliar, ambulatorial, médico-sanitária);",AP-01 APLICATIVO - APLICATIVOS, UNIVERSIDADE ESTADUAL DO PIAUI / UNIVERSIDADE FEDERAL DO PIAUÍ,FRANCISCO DAS CHAGAS ALVES LIMA / JANILDO LOPES MAGALHAES / OLIMPIO PEREIRA DE SÁ NETO / RITA DE CÁSSIA CERQUEIRA VIANA / SERGIO BARROS DE SOUSA,,,
UFPI,BR 51 2021 001994 6,18/08/2021,ProMadeira,JAVA, CC-05 / ED-04 / FQ-06 / IN-03 ( Estrutura -  Formas Ens Formas de ensino/material instrucional - Fis Solid Física dos Sólidos/ dos Fluídos/ dos Plasmas - Engenharia)," AP-01, FA-01 , SO-02 , TC-01 (APLICATIVOS -  Ferramenta de Apoio - Interface de Entrada e Saída - Aplicaçöes Técnico-Científicas)", UNIVERSIDADE FEDERAL DO PIAUÍ,EDUARDO MARTINS FONTES DO REGO / LUIZA MARIA DA SILVA SANTOS,,,
UFPI,BR 51 2021 001837 0,03/08/2021,GeMapCom: Uma ferramenta para mapeamento comparativo e visualização de dados Genômicos., PYTHON,"BL-02 Genética (citogenética, engenharia genética, genotipo, hereditariedade, melhoramento genético, gen, genética das populaçöes);"," AP-01 , DS-04 ( APLICATIVOS - - Aplicativos Desenvolv. Sist. de acordo com determ. Metodologia)", UNIVERSIDADE FEDERAL DO PIAUÍ,ANTONIO OSEAS DE CARVALHO FILHO / FLAVIO HENRIQUE DUARTE DE ARAUJO / FRANCISCO DAS CHAGAS DOS ANJOS CARVALHO JUNIOR / JOSÉ LINDEMBERG ROCHA SARMENTO / LILIAN ROSALINA GOMES SILVA / PEDRO AZEVEDO ABRANTES DE OLIVEIRA / ROMUERE RODRIGUES VELOSO E SILVA,,,
UFPI,BR 51 2021 001795 1,28/07/2021,GLCAD, PYTHON, SD-01 / SD-06 / SD-08 / SD-09, AP-01, UNIVERSIDADE FEDERAL DO PIAUÍ, ANTONIO OSEAS DE CARVALHO FILHO / FLAVIO HENRIQUE DUARTE DE ARAUJO / FRANCISCO CHARLES CAMELO ROSA / ROMUERE RODRIGUES VELOSO E SILVA,,,
UFPI,BR 51 2021 001771 4,27/07/2021,Aplicativo NitLabEduca, JAVA SCRIPT / RUBY,  SD-06 / SD-09,"	  FA-01 , SO-02 , SO-05", UNIVERSIDADE FEDERAL DO PIAUÍ, ARIEL SOARES TELES / CARLA PATRÍCIA AYRES DA SILVA / CASSIO COSTA ALMEIDA / ERIC GABRIEL SOUZA CRESPO / JACKS RENAN NEVES FERNANDES / MARCOS AURÉLIO AYRES DA SILVA / MARLOS DE CASTRO ALMEIDA / RAYELE PRICILA MOREIRA DOS SANTOS / REGINALDO FARIAS DE CASTRO FILHO / SILMAR SILVA TEIXEIRA / THAYANÁ RIBEIRO SILVA FERNANDES / VICTOR HUGO DO VALE BASTOS,,,
UFPI,BR 51 2021 001457 0,30/06/2021,CLIMATÉRIO E SAÚDE,  JAVA,"SD-01 Saúde (política de saúde, higiene, saúde física, mental, pública);",AP-01 APLICATIVO - APLICATIVOS, UNIVERSIDADE FEDERAL DO PIAUÍ, GEÍSA MACHADO FONTENELE / JOSÉ VITOR LOPES DE SOUSA SEGUNDO / MALVINA THAÍS PACHECO RODRIGUES,,,
UFPI,BR 51 2021 001400 6,24/06/2021,REDE CUIDADO AO CALAZAR - REDEKAL,JAVA SCRIPT, SD-01 / SD-02 / SD-03 / SD-09,AP-01 APLICATIVO - APLICATIVOS, UNIVERSIDADE FEDERAL DO PIAUÍ, CARLOS HENRIQUE NERY COSTA / FRANCISCA MIRIANE DE ARAUJO BATISTA / GABRIEL ARAÚJO GONÇALVES / HECTOR BATISTA RIBEIRO / MARCUS VINÍCIUS DE SOUSA LEMOS / ROMUERE RODRIGUES VELOSO E SILVA,,,
UFPI,BR 51 2021 001021 3,18/05/2021,SteelApp UFPI, JAVA, CC-05 / ED-04 / FQ-06 / IN-03," AP-01 , FA-01, SO-02 , TC-01", UNIVERSIDADE FEDERAL DO PIAUÍ,:	  EDUARDO MARTINS FONTES DO REGO / ÁDAN BARBOSA RIBEIRO,,,
UFPI,BR 51 2021 000971 1,13/05/2021,NISTAGMUS - NITLAB, JAVA SCRIPT / PYTHON, MT-06 / SD-09," IA-01 , IA-02", RODRIGUES E CASTRO LTDA / UNIVERSIDADE FEDERAL DO PIAUÍÍ, ANTONIA DE MARIA RODRIGUES DE SOUSA CASTRO / ERIC GABRIEL SOUZA CRESPO / GILDÁRIO DIAS LIMA / IRIS JORDÂNIA LUZ MOURA / JACKS RENAN NEVES FERNANDES / SILMAR SILVA TEIXEIRA,,,
UFPI,BR 51 2021 000555 4,23/03/2021,Colostomia virtual,MYSQL / PHP,  ED-04 / SD-09," FA-01 , TC-01", UNIVERSIDADE FEDERAL DO PIAUÍ,ANA KARINE DA COSTA MONTEIRO / ELAINE MARIA LEITE RANGEL ANDRADE,,,
UFPI,BR 51 2021 000377 2,04/03/2021,Geometrix, JAVA, CC-05 / ED-04 / FQ-06 / IN-03," AP-01 , FA-01 , SO-02 , TC-01", UNIVERSIDADE FEDERAL DO PIAUÍ,  EDUARDO MARTINS FONTES DO REGO / LUIS GUSTAVO SOUSA VIEIRA,,,
UFPI,BR 51 2020 002767 9,07/12/2020,EEGPixel, PYTHON, SD-01 / SD-03 / SD-07," DS-06 , TC-03 , TC-04", UNIVERSIDADE FEDERAL DO PIAUÍ,ARIEL SOARES TELES / FRANCISCO GERSON AMORIM DE MENESES / GILDARIO DIAS LIMA / IRIS JORDÂNIA LUZ MOURA / SILMAR SILVA TEIXEIRA,,,
UFPI,BR 51 2020 002766 0,07/12/2020,EEGCalc, PYTHON,	  SD-01 / SD-03 / SD-07,"DS-06 , TC-03 , TC-04", UNIVERSIDADE FEDERAL DO PIAUÍ, FRANCISCO GERSON AMORIM DE MENESES / GILDARIO DIAS LIMA / SILMAR SILVA TEIXEIRA,,,
UFPI,BR 51 2020 002763 6,07/12/2020,MATEMÁTICA ANIMADA, JAVA SCRIPT, ED-03 / ED-04 / ED-06,"AP-01 , ET-01 , ET-02 , FA-01", UNIVERSIDADE FEDERAL DO PIAUÍ,CARLOS GIOVANNI NUNES DE CARVALHO / THIAGO MACHADO RODRIGUES,,,
UFPI,BR 51 2020 002128 0,07/10/2020,ALGORITMO DE APOIO AO SNT PARA DISTRIBUIÇÃO DE ÓRGÃOS POR PROVA CRUZADA EPITOPICA VIRTUAL NEGATIVA,RUBY, SD-02 / SD-06 / SD-09," IA-02 , IT-03", UNIVERSIDADE FEDERAL DO PIAUÍ, ADALBERTO SOCORRO DA SILVA / ANTONIO GILBERTO BORGES COELHO / KEYLLA MARIA DE SÁ URTIGA AITA / LUIZ CLAUDIO DEMES DA MATA SOUSA / MÁRIO SÉRGIO COELHO MARROQUIM / SEMIRAMIS JAMIL HADAD DO MONTE,,,
UFPI,BR 51 2020 002127 1,07/10/2020,SMART PATHOLOGY PLATFORM,PYTHON, SD-06 / SD-08," FA-01 , IA-01", UNIVERSIDADE FEDERAL DO PIAUÍ,ADALBERTO SOCORRO DA SILVA / ANA PAULA DA SILVA MENDES / ANTONIO GILBERTO BORGES COELHO / FRANCISCO JAIR DE OLIVEIRA NERES / KEYLLA MARIA DE SÁ URTIGA AITA / LUIZ CLAUDIO DEMES DA MATA SOUSA / NAYZE LUCENA SANGREMAN ALDEMAN / SEMIRAMIS JAMIL HADAD DO MONTE / VINÍCIUS PONTE MACHADO,,,
UFPI,BR 51 2019 002484 2,30/10/2019,TIME PERCEPTION SOUND, JAVA, IN-02 / PS-01 / SD-01 / SD-06," FA-01 , SM-01 , SO-02 , SO-04","   INSTITUTO FEDERAL DE EDUCAÇÃO , CIÊNCIA E TECNOLOGIA DO PIAUÍ-IFPI / UNIVERSIDADE FEDERAL DO PIAUÍ", FRANCISCO ELEZIER XAVIER MAGALHÃES / FRANCISCO GERSON AMORIM DE MENESES / FRANCISCO VICTOR COSTA MARINHO / GILDARIO DIAS LIMA / IRIS JORDÂNIA LUZ MOURA / MARCELO MESQUITA SILVA / MARCOS AURELIO AYRES DA SILVA / SILMAR TEIXEIRA LIMA / VICTOR HUGO DO VALE BASTOS,,,
UFPI,BR 51 2019 002316 1,16/10/2019,PREDICTED HLA THREE-DIMENSIONAL STRUCTURES DATABASE,RUBY,	  BL-07 / SD-09,GI-01 Gerenc Info - Gerenciador de Informaçöes,"  FUNDAÇÃO INSTITUTO FEDERAL DE EDUCAÇÃO, CIÊNCIA E TECNOLOGIA DO PIAUÍ / FUNDAÇÃO UNIVERSIDADE ESTADUAL DO PIAUÍ / UNIVERSIDADE FEDERAL DO PIAUÍ",ADALBERTO SOCORRO DA SILVA / ANTONIO GILBERTO BORGES COELHO / ANTONIO VANILDO DE SOUSA LIMA / DEYLANE MENEZES TELES E OLIVEIRA / FRANCISCO DAS CHAGAS ALVES LIMA / JHONATAN MATHEUS SOUSA COSTA / LUIZ CLAUDIO DEMES DA MATA SOUSA / MÁRIO SÉRGIO COELHO MARROQUIM / RAFAEL MELO SANTOS DE SERPA BRANDÃO / RICARDO MARTINS RAMOS / SEMIRAMIS JAMIL HADAD DO MONTE,,,
UFPI,BR 51 2019 002196 7,03/10/2019,HLA Haplotype Matcher,RUBY, BL-07 / SD-09," IA-02 , IT-03", UNIVERSIDADE FEDERAL DO PIAUÍ,ADALBERTO SOCORRO DA SILVA / ANTONIO GILBERTO BORGES COELHO / LUIZ CLAUDIO DEMES DA MATA SOUSA / MÁRIO SÉRGIO COELHO MARROQUIM / SEMIRAMIS JAMIL HADAD DO MONTE,,,
UFPI,BR 51 2019 001757 9,14/08/2019,SteelApp NBR8800, JAVA, CC-05 / ED-04 / IN-03, SO-02, UNIVERSIDADE FEDERAL DO PIAUÍ,  EDUARDO MARTINS FONTES DO RÊGO / RODRIGO DINIZ FILGUEIRAS,,,
UFPI,BR 51 2019 001754 4,14/08/2019,SPIBIRADS, C++, SD-05 / SD-06 / SD-08 / SD-09,"  GI-08 , IA-01 , TC-04", UNIVERSIDADE FEDERAL DO PIAUÍ,BENEDITO BORGES DA SILVA / ELMO DE JESUS NERY JÚNIOR,,,
UFPI,BR 51 2019 001670 0,01/08/2019,PiPa Irrigation, VISUAL BASIC, AG-06, AP-01, UNIVERSIDADE FEDERAL DO PIAUÍ,JOSÉ ORLANDO PIAUILINO FERREIRA / MARIA EVA CLEMENCIA FONSECA DE CASTRO SILVA,,,
UFPI,BR 51 2018 051819 2,01/10/2018,COMO VAI SUA LOMBAR?, JAVA / XML,SD-06, AP-01, UNIVERSIDADE FEDERAL DO PIAUÍ, ANDERSON NOGUEIRA MENDES / ARIEL SOARES TELES / FUAD AHMAD HAZIME / POLYANNA GOMES LACERDA CAVALCANTE / SILMAR SILVA TEIXEIRA,,,
UFPI,BR 51 2018 051755 2,25/09/2018,EEGChec - Averiguação de Similaridade em Imagens de EG, HTML / PHP / PYTHON,SD-01 / SD-03 / SD-07,"IT-02 , TC-03 , TC-04","  INSTITUTO FEDERAL DE EDUCAÇÃO , CIÊNCIA E TECNOLOGIA DO PIAUÍ-IFPI / UNIVERSIDADE FEDERAL DO PIAUÍ", FRANCISCO GERSON AMORIM DE MENESES / GILDÁRIO DIAS LIMA / IRIS JORDANIA LUZ MOURA / SILMAR SILVA TEIXEIRA,,,
UFPI,BR 51 2018 051745 5,24/09/2018,CUIDADO PRÉ-NATAL,  JAVA, SD-01,  AP-01, UNIVERSIDADE FEDERAL DO PIAUÍ,GLAYS REGE DANTAS LIMA PIRES / MALVINA THAÍS PACHECO RODRIGUES,,,
UFPI,BR 51 2018 051640 8,12/09/2018,SOFTWARE DE MORFOMETRIA DE OVINOS E CAPRINOS COM TELEMETRIA MÓVEL- TMovCapri, RUBY, AG-01,"CD-04 , FA-01 , SO-02", UNIVERSIDADE FEDERAL DO PIAUÍ,ANTÔNIO DE SOUSA JÚNIOR / CONSTANTINO AUGUSTO DIAS NETO / MARIA ACELINA MARTINS CARVALHO,,,
UFPI,BR 51 2018 051589 4,05/09/2018,BIBLIOTECAS OPENCL PARA AS ARQUITETURAS MANYCORE METAL E ARACHNOC, C / C++,IF-07 / IF-10 / IN-02,"DS-05 Bib Rotinas - Bibliotecas de Rotinas (""Libraries"")", UNIVERSIDADE FEDERAL DO PIAUÍ, IVAN SARAIVA SILVA / JÔNATAS CARNEIRO DOS SANTOS FERREIRA,,,
UFPI,BR 51 2018 051586 0,05/09/2018,DPI-CARE-Didactic Processor For Computer Architecture Education, VHDL, ED-03 / ED-04 / IF-02," FA-01 , SM-01", UNIVERSIDADE FEDERAL DO PIAUÍ, FRANCISCO CARLOS SILVA JÚNIOR / IVAN SARAIVA SILVA,,,
UFPI,BR 51 2018 051585 1,05/09/2018,PLATAFORMA METAL,C++, CO-02 / EN-05 / IN-02," DS-06 , SM-01", UNIVERSIDADE FEDERAL DO PIAUÍ, IVAN SARAIVA SILVA / RAMON SANTOS NEPOMUCENO,,,
UFPI,BR 51 2018 051574 6,04/09/2018,ClassiMamo, C++,SD-05 / SD-06 / SD-08 / SD-09," GI-08 , IA-01 , TC-04", UNIVERSIDADE FEDERAL DO PIAUÍ, BENEDITO BORGES DA SILVA / FRANCISCO ADELTON ALVES RIBEIRO,,,
UFPI,BR 51 2018 051573 8,04/09/2018,CaprioviMobile,CSS / HTML / JAVA / JAVA SCRIPT / JSP / XML, AG-10,"FA-01 , GI-01 , GI-04 , IA-02 , TC-01", UNIVERSIDADE FEDERAL DO PIAUÍ,JOSÉ LINDENBERG ROCHA SARMENTO / LAYLSON DA SILVA BORGES / OTÁVIO CURY DA COSTA CASTRO / PEDRO DE ALCÂNTARA DOS SANTOS NETO,,,
UFPI,BR 51 2018 051566 5,04/09/2018,PLATAFORMA ARACHNOC, C++,CO-02 / EN-05 / IN-02, DS-06, UNIVERSIDADE FEDERAL DO PIAUÍ,IVAN SARAIVA SILVA / LAYSSON OLIVEIRA LUZ,,,
UFPI,BR 51 2018 051564 9,04/09/2018,EpAssistant Plus,PYTHON, SD-08 / SD-09, IA-02 , UNIVERSIDADE FEDERAL DO PIAUÍ,ADALBERTO SOCORRO DA SILVA / KEYLLA MARIA DE SÁ URTIGA AITA / LUIZ CLAUDIO DEMES DA MATA SOUSA / RENATO SOUZA VIEIRA / SEMIRAMIS JAMIL HADAD DO MONTE,,,
UFPI,BR 51 2018 051515 0,03/09/2018,Pedostudent,JAVA,ED-01 / PD-01 / PD-02 / PD-03,FA-01, UNIVERSIDADE FEDERAL DO PIAUÍ,KLENDSON MEDEIROS DA SILVA / RONNY SOBREIRA BARBOSA,,,
UFPI,BR 51 2017 000025 5,24/01/2017,CODIVISION,CSS / HTML / JAVA / JAVASCRIPT / JSP / XML, IF-10,  DS-01, UNIVERSIDADE FEDERAL DO PIAUÍ,FRANCISCO VANDERSON DE MOURA ALVES / IRVAYNE MATHEUS DE SOUSA IBIAPINA / PEDRO DE ALCÂNTARA DOS SANTOS NETO / WERNEY AYALA LUZ LIRA,,,
UFPI,BR 51 2017 000030 1,17/01/2017,SIGLBC,JAVA,  AD-01 / AD-08 / AD-09 / BL-03 / IF-07," AT-06 , GI-01 , GI-02 , GI-03 , GI-07", UNIVERSIDADE FEDERAL DO PIAUÍ,CRISTIANO JACKSON DA COSTA COELHO / MARIA ACELINA MARTINS DE CARVALHO / NAPOLEÃO MARTINS ARGOLO NETO / STENIO KLAYDSON ALVES DE ANDRADE,,,
UFPI,BR 51 2017 000024 7,17/01/2017,CAPRIOVI,CSS / HTML / JAVA / JAVASCRIPT / JSP / XML, AG-10," FA-01 , GI-01 , GI-04 , IA-02 , TC-01", UNIVERSIDADE FEDERAL DO PIAUÍ,JOSÉ LINDENBERG ROCHA SARMENTO / LAYLSON DA SILVA BORGES / OTÁVIO CURY DA COSTA CASTRO / PEDRO DE ALCÂNTARA DOS SANTOS NETO / THASCIANO LIMA CARVALHO,,,
UFPI,BR 51 2017 000026 3,17/01/2017,APLICATIVO PARA TREINAMENTO DE TAREFAS DE PERCEPÇÃO TEMPORAL, JAVA BLOCK / SCRATCH,  SD-01 / SD-04 / SD-09,"FA-01 , SO-02 , SO-04", UNIVERSIDADE FEDERAL DO PIAUÍ,FERNANDO LOPES E SILVA JÚNIOR / FRANCISCO VICTOR COSTA MARINHO / GILDÁRIO DIAS LIMA / IRIS JORDÂNIA LUZ MOURA / KALINE DE MELO ROCHA / LUCAS DA SILVA NASCIMENTO / MARCOS AURÉLIO AYRES DA SILVA / SILMAR SILVA TEIXEIRA / VICTOR HUGO DO VALE BASTOS,,,
UFPI,BR 51 2017 000027 1,17/01/2017,BUS TRACKER,UB-04," AP-01 , UT-01", BUS TRACKER, UNIVERSIDADE FEDERAL DO PIAUÍ,ANDRÉ CASTELO BRANCO SOARES / FELIPE SARAIVA DA COSTA,,,
UFPI,BR 51 2017 000028 0,17/01/2017,BUS TRACKER - IOS,SWIFT,	  UB-04,"  AP-01 , UT-01", UNIVERSIDADE FEDERAL DO PIAUÍ, ANDRÉ CASTELO BRANCO SOARES / FELIPE SARAIVA DA COSTA,,,
UFPI,BR 51 2016 001738 4,30/11/2016,TREINAMENTO DA ATENÇÃO E CONTROLE INIBITÓRIO,JAVA BLOCK / SCRATCH, SD-01 / SD-04 / SD-09," FA-01 , SO-02 , SO-04", UNIVERSIDADE FEDERAL DO PIAUÍ,FERNANDO LOPES E SILVA JÚNIOR / FRANCISCO ELEZIER XAVIER MAGALHÃES / FRANCISCO VICTOR COSTA MARINHO / GILDÁRIO DIAS LIMA / IRIS JORDÂNIA LUZ MOURA / JESSICA ALVES RIBEIRO / KALINE DE MELO ROCHA / MARCOS AURÉLIO AYRES DA SILVA / SILMAR SILVA TEIXEIRA / VICTOR HUGO DO VALE BASTOS,,,
UFPI,BR 51 2016 001743 0,30/11/2016,APLICATIVO PARA TREINAMENTO OPTOCINÉTICO, JAVA BLOCK / SCRATCH,  SD-01 / SD-04 / SD-09," FA-01 , SO-02 , SO-04", UNIVERSIDADE FEDERAL DO PIAUÍ, FERNANDO LOPES E SILVA JÚNIOR / FRANCISCO VICTOR COSTA MARINHO / GILDÁRIO DIAS LIMA / IRIS JORDÂNIA LUZ MOURA / KALINE DE MELO ROCHA / MARCOS AURÉLIO AYRES DA SILVA / RAYELE PRICILA MOREIRA DOS SANTOS / SILMAR SILVA TEIXEIRA / VICTOR HUGO DO VALE BASTOS,,,
UFPI,BR 51 2016 001742 2,30/11/2016,JUS CODE,JAVA BLOCK / SCRATCH, AD-02 / AD-04," AP-01 , AT-06", UNIVERSIDADE FEDERAL DO PIAUÍ,  GILDÁRIO DIAS LIMA / IRIS JORDÂNIA LUZ MOURA / MARCELO MESQUITA SILVA / SILMAR SILVA TEIXEIRA,,,
UFPI,BR 51 2016 001744 9,30/11/2016,E-DOSIMETRIA,JAVA BLOCK / SCRATCH,  AD-04," AP-01 , GI-01", UNIVERSIDADE FEDERAL DO PIAUÍ,GILDÁRIO DIAS LIMA / IRIS JORDÂNIA LUZ MOURA / MARCELO MESQUITA SILVA / SILMAR SILVA TEIXEIRA,,,
UFPI,BR 51 2016 001740 6,30/11/2016,APLICATIVO PARA OPERAÇÕES MATEMÁTICAS,JAVA BLOCK / SCRATCH, ED-06 / MT-02 / SD-04," FA-01 , SO-02 , SO-04", UNIVERSIDADE FEDERAL DO PIAUÍ,	  FRANCISCO ELEZIER XAVIER MAGALHÃES / FRANCISCO VICTOR COSTA MARINHO / GILDÁRIO DIAS LIMA / IRIS JORDÂNIA LUZ MOURA / JESSICA ALVES RIBEIRO / KALINE DE MELO ROCHA / MARCOS AURÉLIO AYRES DA SILVA / SILMAR SILVA TEIXEIRA / VICTOR HUGO DO VALE BASTOS,,,
UFPI,BR 51 2016 001739 2,30/11/2016,THEMIS BARCODE, JAVA BLOCK / SCRATCH, AD-02 / AD-04," AP-01 , AT-06", UNIVERSIDADE FEDERAL DO PIAUÍ, GILDÁRIO DIAS LIMA / IRIS JORDÂNIA LUZ MOURA / MARCELO MESQUITA SILVA / SILMAR SILVA TEIXEIRA,,,
UFPI,BR 51 2016 001369 9,17/10/2016,EPLEARNING,JAVASCRIPT / PHP,  BL-01 / ED-06 / SD-01 / SD-08 / SD-09," FA-01 , IA-02 , TC-01", UNIVERSIDADE FEDERAL DO PIAUÍ,ADALBERTO SOCORRO DA SILVA / JOANA DARC CARVALHO DE SOUSA / KEYLLA MARIA DE SÁ URTIGA AITA / LUIZ CLAUDIO DEMES DA MATA SOUSA / SEMIRAMIS JAMIL HADAD DO MONTE,,,
UFPI,BR 51 2016 001368 0,17/10/2016,VPROTENDIM, JAVA, CC-05 / CC-06, AP-01, UNIVERSIDADE FEDERAL DO PIAUÍ,CALEBE PAIVA GOMES DE SOUZA / EMANUEL FREIRE DE ALMEIDA MUNIZ,,,
UFPI,BR 51 2016 000514 9,03/05/2016,EPASSITANT, PYTHON,  SD-08 / SD-09, IA-02, UNIVERSIDADE FEDERAL DO PIAUÍ,ADALBERTO SOCORRO DA SILVA / KEYLLA MARIA DE SÁ URTIGA AITA / LUIZ CLAUDIO DEMES DA MATA SOUSA / SEMIRAMIS JAMIL HADAD DO MONTE,,,
UFPI,BR 51 2015 001531 1,15/12/2015,MOBCAPRI,JAVA,  AG-10, AT-01, UNIVERSIDADE FEDERAL DO PIAUÍ, ANTONIO DE SOUSA JUNIOR / MARIA ACELINA MARTINS DE CARVALHO / SÉRGIO BARROS DE SOUSA,,,
UFPI,BR 51 2015 001529 0,07/12/2015,NEOLO, PYTHON,  CO-03 / CO-05 / IF-02 / IF-10,"  FA-02 , GI-04 , IA-03", UNIVERSIDADE FEDERAL DO PIAUÍ, SAULO CUNHA DE SERPA BRANDÃO,,,
UFPI,BR 51 2015 001494 3,25/11/2015,MEDMAMO, C++,SD-05 / SD-06 / SD-08 / SD-09," GI-08 , IA-01 , TC-04", UNIVERSIDADE FEDERAL DO PIAUÍ,  BENEDITO BORGES DA SILVA / FRANCISCO ADELTON ALVES RIBEIRO,,,
UFPI,BR 51 2015 001493 5,25/11/2015,SNETS,JAVA, TC-04,"  AV-01 , SM-01", UNIVERSIDADE FEDERAL DO PIAUÍ,ALEXANDRE CARDOSO FONTINELE / ANDRÉ CASTELO BRANCO SOARES / IALLEN GÁBIO DE SOUSA SANTOS / ÍTALO BARBOSA BRASILEIRO,,,
UFPI,BR 51 2015 000524 3,25/05/2015,USESKILL,JAVA / JAVASCRIPT, IF-02 / IF-07 / IF-10 / IN-02," AT-06 , FA-01 , GI-04", UNIVERSIDADE FEDERAL DO PIAUÍ, CLEITON DOS SANTOS MOURA / MATHEUS DE MENEZES CAMPANHÃ SOUZA / PEDRO ALMIR MARTINS DE OLIVEIRA / PEDRO DE ALCÂNTARA DOS SANTOS NETO,,,
UFPI,BR 51 2015 000523 5,21/05/2015,SELF, JAVA,  IF-02 / IF-07 / IF-10 / IN-02," AP-01 , DS-06 , FA-01 , IT-02 , TC-01", UNIVERSIDADE FEDERAL DO PIAUÍ, DENISE ALVES DA COSTA / PEDRO ALMIR MARTINS DE OLIVEIRA / PEDRO DE ALCÂNTARA DOS SANTOS NETO,,,
UFPI,BR 51 2015 000521 9,21/05/2015,ATHENA,JAVA / JAVASCRIPT,  IF-02 / IF-07 / IF-10 /IN-02," AP-01 , DS-01 , FA-01 , IA-01", UNIVERSIDADE FEDERAL DO PIAUÍ, MATHEUS DE MENEZES CAMPANHÃ SOUZA / PEDRO ALMIR MARTINS DE OLIVEIRA / PEDRO DE ALCÂNTARA DOS SANTOS NETO,,,
UFPI,BR 51 2014 001140 2,24/09/2014,IPNOSYS II PACKET GENERATOR,JAVA,IF-10 Genérico (processamento de dados).,"DS-01 , DS-06", UNIVERSIDADE FEDERAL DO PIAUÍ,IVAN SARAIVA SILVA / THIAGO RODRIGUES BARROS DA SILVA SOARES,,,
UFPI,BR 51 2014 001145 3,24/09/2014,GEHAGRI ASPERSÃO,LAZARUS, AG-06, AP-01, UNIVERSIDADE FEDERAL DO PIAUÍ, JOSÉ ORLANDO PIAUILINO FERREIRA / MAURÍCIO RIBEIRO SENA,,,
UFPI,BR 51 2014 001144 5,24/09/2014,UVMP - A&A,HTML / JAVASCRIPT / PHP, CO-02 / IF-10," DS-01 , DS-06 , SO-02", UNIVERSIDADE FEDERAL DO PIAUÍ,EUGÊNIO SOUZA CARVALHO / IVAN SARAIVA SILVA,,,
UFPI,BR 51 2014 001141 0,24/09/2014,SILENCE ZONE, OBJECTIVE C,  TC-02," AP-01 , UT-01", UNIVERSIDADE FEDERAL DO PIAUÍ,ANDRÉ CASTELO BRANCO SOARES / RONIEL SOARES DE SOUSA / SEBASTIÃO GALEANO PEREIRA FILHO,,,
UFPI,BR 51 2014 001143 7,24/09/2014,GEHAGRI LOCALIZADA, LAZARUS, AG-06, AP-01 , UNIVERSIDADE FEDERAL DO PIAUÍ,JOSÉ ORLANDO PIAUILINO FERREIRA / MAURÍCIO RIBEIRO SENA,,,
UFPI,BR 51 2014 001142 9,24/09/2014,EPVIX HLA,RUBY, IF-10 / IN-02 / SD-06," AT-01 , FA-01", UNIVERSIDADE FEDERAL DO PIAUÍ, ADALBERTO SOCORRO DA SILVA / LUIZ CLAUDIO DEMES DA MATA SOUSA / SEMIRAMIS JAMIL HADAD DO MONTE,,,
UFPI,BR 51 2014 000938 6,30/07/2014,DIESMAGNA, HTML / JAVA / JAVASCRIPT, SD-10, IA-02, UNIVERSIDADE FEDERAL DO PIAUÍ,ANA PAULA DOS SANTOS CORREIA LIMA DA SILVA / JOSÉ CARLOS CORREIA LIMA DA SILVA FILHO / RIVELILSON MENDES DE FREITAS,,,
UFPI,BR 51 2014 000939 4,30/07/2014,ALMOXFAR, HTML / JAVA / JAVASCRIPT,SD-10,IA-02, UNIVERSIDADE FEDERAL DO PIAUÍ,ANA PAULA DOS SANTOS CORREIA LIMA DA SILVA / JOSÉ CARLOS CORREIA LIMA DA SILVA FILHO / RIVELILSON MENDES DE FREITAS,,,
UFPI,BR 51 2014 000805 3,15/07/2014,GEHAGRI PIVÔ,LAZARUS,  AG-06, AP-01, UNIVERSIDADE FEDERAL DO PIAUÍ,JOSÉ ORLANDO PIAUILINO FERREIRA / MAURÍCIO RIBEIRO SENA,,,
UFPI,BR 51 2013 000693 7,18/06/2013,UVMP-SSC - UFPI`S VIRTUALIZABLE MULTI-CORE PROCESSOR,VHDL, CO-02 / ED-04, CD-02, UNIVERSIDADE FEDERAL DO PIAUÍ,	  IVAN SARAIVA SILVA / RAMON SANTOS NEPOMUCENO,,,
UFPI,14164-0,29/10/2012,EPHLA CONVERTER,  PYTHON ,IF-10 / IN-02 / SD-06," AT-01 , FA-01", UNIVERSIDADE FEDERAL DO PIAUÍ, ADALBERTO SOCORRO DA SILVA / JOSÉ RENATO PEREIRA DE MOURA BARROSO / LUIZ CLAUDIO DEMES DA MATA SOUSA / SEMIRAMIS JAMIL HADAD DO MONTE,,,
UFPI,13341-5,22/05/2012,PREVENT,JAVA, SD-06 / SD-07 / SD-08 / SD-09," AP-01 , IA-02 , UT-01", UNIVERSIDADE FEDERAL DO PIAUÍ,CARLOS HENRIQUE NERY COSTA / DORCAS LAMOUNIER COSTA / ELDO DE BRITO FERREIRA CHAVES,,,
UFPI,12412-4,28/09/2011,TEST2DOC, JAVA, IF-01 / IF-02 / IF-07 / IF-10 / IN-02," DS-07 , FA-01 , TC-01", UNIVERSIDADE FEDERAL DO PIAUÍ, ISMAYLE DE SOUSA SANTOS / PEDRO DE ALCÂNTARA DOS SANTOS NETO,,,
UFPI,12414-1,28/09/2011,FERRARE,JAVA, IF-01 / IF-07 / IF-10 / IN-02," DS-01 , FA-01 , TC-01", UNIVERSIDADE FEDERAL DO PIAUÍ,ISMAYLE DE SOUSA SANTOS / PEDRO DE ALCÂNTARA DOS SANTOS NETO,,,
UFPI,12153-6,11/08/2011,TCHANGEREPORT, JAVA, IF-01 / IF-02 / IF-07 / IF-10 / IN-02," AP-03 , DS-07 , FA-01 , TC-01", UNIVERSIDADE FEDERAL DO PIAUÍ,CLEITON DOS SANTOS MOURA / PEDRO DE ALCÂNTARA DOS SANTOS NETO / WILLAME PEREIRA DE OLIVEIRA,,,
UFPI,12154-1,11/08/2011,TWORK,JAVA,IF-01 / IF-02 / IF-07 / IF-10 / IN-02,"	 DS-01 , DS-04 , DS-07 , FA-01 , GI-01", UNIVERSIDADE FEDERAL DO PIAUÍ, PEDRO DE ALCÂNTARA DOS SANTOS NETO / WILLAME PEREIRA DE OLIVEIRA,,,
UFPI,11982-5,03/06/2011,XHLA, OBJECT PASCAL, IF-10 / SD-01 / SD-06 / SD-07,"AT-01 , FA-01", UNIVERSIDADE FEDERAL DO PIAUÍ,LUIZ CLAUDIO DEMES DA MATA SOUSA / SEMIRAMIS JAMIL HADAD DO MONTE,,,
UFPI,10734-2,05/05/2010,LABSYSTEM GEN,DELPHI / OBJECT PASCAL, BL-02 / IF-02 / IF-10,"DS-02 , GI-01 , GI-02 , GI-03 , GI-08", UNIVERSIDADE FEDERAL DO PIAUÍ,LUIZ CLAUDIO DEMES DA MATA SOUSA / SEMIRAMIS JAMIL HADAD DO MONTE,,,
IFPI ,BR 51 2023 002094 0,15/07/2023,Segmentador Automático de Regiões de Interesse em Imagens de Retinografia, PYTHON,  SD-01 / SD-06 / SD-07 / SD-08 (Saúde - Terapia - medicina - especialidades médicas), FA-01 (Ferramenta de Apoio),"INSTITUTO FEDERAL DE EDUCAÇÃO, CIÊNCIA E TECNOLOGIA DO PIAUÍ", FERNANDO CASTELO BRANCO GONÇALVES SANTANA / PAULO ROBERTO BATISTA SOUSA FILHO / THIAGO ALVES ELIAS DA SILVA,-,,
IFPI ,BR 51 2023 002080 0,13/07/2023,Appraxi, OUTROS / PYTHON / SHELL SCRIPT,  SD-01 / SD-04 / SD-06,"  AP-01 , DS-04 , IA-01 , TC-03","INSTITUTO FEDERAL DE EDUCAÇÃO, CIÊNCIA E TECNOLOGIA DO PIAUÍ",  ANA CLAUDIA GALVÃO XAVIER / BRUNO MENDES DE CARVALHO CASTELO BRANCO / DALLA CRISTIANE SAMPAIO DE SOUSA PAULO / MARCELA SILAGI LIMA DE SIQUEIRA / MARINA BEZERRA DA SILVA / MARTA MARIA DA SILVA LIRA BATISTA / MATHEUS LEVI DA SILVA BARBOSA / OTILIO PAULO DA SILVA NETO / ROGÉRIO DA SILVA BATISTA / ROMERO ANTONIO RAMOS DE MENDONÇA / ROMULO CONSTANTINO SOUSA SILVA / TEMISTOCLES CARVALHO ZWANG / VALÉRIA OLIVEIRA COSTA / VINICIUS ROOSEVELT RODRIGUES BORGES / WERTON PEREIRA DA SILVA,-,,
IFPI ,BR 51 2023 001576 8,05/06/2023,Aplicativo de auxílio ao diagnóstico a varíola do macaco,JAVA / JAVA SCRIPT / PYTHON, SD-01 / SD-03 / SD-05 / SD-06,  FA-01 (Ferramenta de apoio),"INSTITUTO FEDERAL DE EDUCAÇÃO, CIÊNCIA E TECNOLOGIA DO PIAUÍ",  ABRAÃO LIMA SOUSA / CHRISTIAN FELLIPE SILVA SANTOS / FERNANDO CASTELO BRANCO GONÇALVES SANTANA,-,,
IFPI ,BR 51 2023 001036 7,17/04/2023,Acompanhar: Família,  HTML / JAVA / JAVA SCRIPT / SQL, SD-01 / SD-03 / SD-05 / SD-06 (saúde - doença - assistencia médica - terapia),  FA-01 (Ferramenta de apoio),"INSTITUTO FEDERAL DE EDUCAÇÃO, CIÊNCIA E TECNOLOGIA DO PIAUÍ",GUILHERME NONATO DE SÁ RIBEIRO / ANA CAROLINE RODRIGUES SANTANA / FERNANDO CASTELO BRANCO GONÇALVES SANTANA / THIAGO ALVES ELIAS DA SILVA,-,,
IFPI ,BR 51 2023 000696 3,15/03/2023,Open Schedule: uma plataforma Open Source para realização de agendamentos de consultas via chatbot,OUTROS / PYTHON / SQL, IN-02 (Tecnologia), AP-01 (Aplicativo),"INSTITUTO FEDERAL DE EDUCAÇÃO, CIÊNCIA E TECNOLOGIA DO PIAUÍ",MARCOS PACHECO UCHOA / WERNEY AYALA LUZ LIRA / WILLAME PEREIRA DE OLIVEIRA,-,,
IFPI ,BR 51 2023 000500 2,03/03/2023,Localizador de Expressões e Manifestações Culturais Regionais Piauienses - LERCULT/PI, OUTROS,  AN-04 / CO-06 / ED-06 (Cultura - História - Educação)," AP-01 , GI-02 , GI-03 , GI-04 , GI-08 , TC-01 , TC-04 (Aplicativo - Gerenciador de banco de dados - Gerador de telas- Gerador de relatórios - Recuperação de dados - Aplicações Técnico científicas - Processamento de imagem)","INSTITUTO FEDERAL DE EDUCAÇÃO, CIÊNCIA E TECNOLOGIA DO PIAUÍ",JUSCELINO GOMES LIMA / PAULO SOBRINHO FERREIRA,-,,
IFPI ,BR 51 2023 000306 9,10/02/2023,LOCALIZADOR DE EXPRESSÕES E MANIFESTAÇÕES CULTURAIS REGIONAIS PIAUIENSES - LERCULT/PI, OUTROS, AN-04 / CO-06 / ED-06 ()," AP-01 , GI-02 , GI-03 , GI-04 , GI-08 , TC-01 , TC-04 (Aplicativo - Gerenciador de banco de dados - Gerador de telas- Gerador de relatórios - Recuperação de dados - Aplicações Técnico científicas - Processamento de imagem)","INSTITUTO FEDERAL DE EDUCAÇÃO, CIÊNCIA E TECNOLOGIA DO PIAUÍ", JUSCELINO GOMES LIMA / PAULO SOBRINHO FERREIRA,-,,
IFPI ,BR 51 2022 003050 0,04/11/2022,EcoReport,OUTROS,MA-04 (Qualidade de vida),AP-01 (Aplicativos),"INSTITUTO FEDERAL DE EDUCAÇÃO, CIÊNCIA E TECNOLOGIA DO PIAUÍ",  CLÉBERT CLARK NUNES DA SILVA JÚNIOR / WILLAMYS RANGEL NUNES DE SOUZA,-,,
IFPI ,BR 51 2022 002268 0,22/08/2022,ALGORITMO DE VISÃO COMPUTACIONAL PARA IDENTIFICAÇÃO DE GALINHAS DA RAÇA CANELA-PRETA,PYTHON,AG-10 (Produção Animal ), TC-04 (Processamento de imagem),"FUNDACAO UNIVERSIDADE FEDERAL DO PIAUI - FUFPI / INSTITUTO FEDERAL DE EDUCAÇÃO, CIÊNCIA E TECNOLOGIA DO PIAUÍ",JOSÉ DOS SANTOS DE MOURA / NATANAEL PEREIRA DA SILVA SANTOS / OTÍLIO PAULO DA SILVA NETO / ÍCARO VICTOR FÉLIX CAMPELO,-,,
IFPI ,BR 51 2022 001747 4,08/07/2022,Welding Inclusion Identifier,JAVA," FQ-04 / FQ-18 / IF-03 / IN-03 / IN-05 (Metodologia, Quimica, Reprograf, Engenharia, Industria  de Transformação)","  DS-04 , TC-01 , TC-03 , TC-04 , UT-04 (Desenvolvimento de Sistemas com determ. metodologia - Aplicação Tecnico Cientificas - Reconhecimento de padrões - Processamento de imagem - Cassificador e Intercalador)","INSTITUTO FEDERAL DE EDUCAÇÃO, CIÊNCIA E TECNOLOGIA DO PIAUÍ", AYRTON DE SÁ BRANDIM / FRANCIÉRIC ALVES DE ARAÚJO / LUCAS SILVA COSTA,-,,
IFPI ,BR 51 2022 001746 6,08/07/2022,Welding Discontinuity Identifier,JAVA," FQ-04 / FQ-18 / IF-03 / IN-03 / IN-05 (Metodologia, Quimica, Reprograf, Engenharia, Industria  de Transformação)","  DS-04 , TC-01 , TC-03 , TC-04 , UT-04 (Desenvolvimento de Sistemas com determ. metodologia - Aplicação Tecnico Cientificas - Reconhecimento de padrões - Processamento de imagem - Cassificador e Intercalador)","INSTITUTO FEDERAL DE EDUCAÇÃO, CIÊNCIA E TECNOLOGIA DO PIAUÍ", AYRTON DE SÁ BRANDIM / FRANCIÉRIC ALVES DE ARAÚJO / LUCAS SILVA COSTA,-,,
IFPI ,BR 51 2022 001745 8,08/07/2022,Fusion Failure or Weld Penetration identifier,  C# / JAVA," FQ-04 / FQ-18 / IF-03 / IN-03 / IN-05 (Metodologia, Quimica, Reprograf, Engenharia, Industria  de Transformação)","  DS-04 , TC-01 , TC-03 , TC-04 , UT-04 (Desenvolvimento de Sistemas com determ. metodologia - Aplicação Tecnico Cientificas - Reconhecimento de padrões - Processamento de imagem - Cassificador e Intercalador)","INSTITUTO FEDERAL DE EDUCAÇÃO, CIÊNCIA E TECNOLOGIA DO PIAUÍ",AYRTON DE SÁ BRANDIM / FRANCIÉRIC ALVES DE ARAÚJO / LUCAS SILVA COSTA,-,,
IFPI ,BR 51 2022 000296 5,10/02/2022,VALORATIVO - Software de Valoração de Tecnologias,EXCEL / VISUAL BASIC, CO-02 (Ciência )," FA-04 , GI-01 , GI-04 (Geradores de Gráficos, Gerenciador de Informaçöes, Gerador de Relatórios)","INSTITUTO FEDERAL DE EDUCAÇÃO, CIÊNCIA E TECNOLOGIA DO PIAUÍ / UNIVERSIDADE FEDERAL DE SERGIPE - UFS",ANTONIO MARTINS DE OLIVEIRA JUNIOR / ROBSON ALMEIDA BORGES DE FREITAS,-,,
IFPI ,BR 51 2022 000295 7,10/2/2022,VALORATIVO - Software de Avaliação de Tecnologias,EXCEL / VISUAL BASIC, CO-02 (Ciência )," FA-04 , GI-01 , GI-04 (Geradores de Gráficos, Gerenciador de Informaçöes, Gerador de Relatórios)","INSTITUTO FEDERAL DE EDUCAÇÃO, CIÊNCIA E TECNOLOGIA DO PIAUÍ",  ANTONIO MARTINS DE OLIVEIRA JUNIOR / ROBSON ALMEIDA BORGES DE FREITAS,-,,
IFPI ,BR 51 2022 000294 9,10/02/2022,CLASSROOM PAINEL,DJANGO / PYTHON,"  ED-03 / ED-06 / IF-10 (Adm/Pr Ens Instituiçäo/Administraçäo/Processo de ensino, Educaçäo, Genérico)","FA-04 , GI-04 , GI-08 (Geradores de Gráficos, Gerador de Relatórios, Recuperaçäo de Dados)","INSTITUTO FEDERAL DE EDUCAÇÃO, CIÊNCIA E TECNOLOGIA DO PIAUÍ",EDUILSON LÍVIO NEVES DA COSTA CARNEIRO / FRANCISCO ALYSSON DA SILVA SOUSA,-,,
IFPI ,BR 51 2021 001452 9,29/06/2021,SisEgressos,PHP," ED-03/ ED-06/ IF-09 ( Adm/Pr Ens Instituiçäo/Administraçäo/Processo de ensino- Educaçäo- usuário, estudo e perfil do usuário)"," GI-0, SO-05 (Gerenciador de Informaçöes -  Gerenciador de Usuários )","INSTITUTO FEDERAL DE EDUCAÇÃO, CIÊNCIA E TECNOLOGIA DO PIAUÍ",ATHÂNIO DE SOUSA SILVEIRA / JACKS RENAN NEVES FERNANDES / JOÃO PAULO DA SILVA CARVALHO / TAWAN DE OLIVEIRA RODRIGUES MACIEL,-,,
IFPI ,BR 51 2021 000838 3,3/5/2021,Ovis,CSS / DJANGO / JAVA SCRIPT / OUTROS / PYTHON, IN-02 (Tecnologia),GI-01 (Gerenc Info - Gerenciador de Informaçöes),"INSTITUTO FEDERAL DE EDUCAÇÃO, CIÊNCIA E TECNOLOGIA DO PIAUÍ",DIVINO DE SOUSA RODRIGUES / EWERTON COSTA SOUSA / MIKE CHRISTIAN DE SOUSA ARAUJO / WERNEY AYALA LUZ LIRA,-,,
IFPI ,BR 51 2021 000822 7,03/05/2021,SIGARG,OUTROS, AG-01/ AH-04/ GC-08/ IF-02/ MA-02 (Agricultura - ol As Hum Políticas de Assentamento Humanos - Mapeamento - Documentação -  Recurs Nat),"  FA-01 , FA-03 , GI-02 ()","INSTITUTO FEDERAL DE EDUCAÇÃO, CIÊNCIA E TECNOLOGIA DO PIAUÍ",ACILAYNE FREITAS DE AQUINO / ROBERTO ARRUDA LIMA SOARES / ÉRICO RODRIGUES GOMES,-,,
IFPI ,BR 51 2020 002837 3,15/12/2020,Image Processing Activated Carbon,JAVA, FQ-04/ FQ-18/ IF-03 / IN-03/ IN-05 (Metrologia - Quím Inorg - Reprograf - Engenharia -  Ind Transf Indústria de Transformaçäo)," AT-05, AT-06, AT-07 (Automaçäo Industrial - Controle de Processos - Automaçäo da Manufatura)","INSTITUTO FEDERAL DE EDUCAÇÃO, CIÊNCIA E TECNOLOGIA DO PIAUÍ",FRANCIÉRIC ALVES DE ARAÚJO / HENRIQUE MILLER ANDRADE GOMES / MARIA DE FÁTIMA SALGADO,-,,
IFPI ,BR 51 2020 002753 9,04/12/2020,Welding discontinuity identifier,JAVA, FQ-04/ FQ-18/ IF-03 / IN-03/ IN-05 (Metrologia - Quím Inorg - Reprograf - Engenharia -  Ind Transf Indústria de Transformaçäo),"  AP-01 , TC-01 , TC-04  (APLICATIVO - Aplicaçöes Técnico-Científicas - Processamento de Imagem)","INSTITUTO FEDERAL DE EDUCAÇÃO, CIÊNCIA E TECNOLOGIA DO PIAUÍ",AYRTON DE SÁ BRANDIM / FRANCIÉRIC ALVES DE ARAÚJO / LUCAS SILVA COSTA,-,,
IFPI ,BR 51 2020 001737 1,26/08/2020,CRISTALO, PYTHON,FQ-04 (Metrologia),"TC-03 , TC-04 (Reconhecimento de Padröes -  Processamento de Imagem)","INSTITUTO FEDERAL DE EDUCAÇÃO, CIÊNCIA E TECNOLOGIA DO PIAUÍ",AYRTON DE SÁ BRANDIM / ELTON SANTOS DIAS SALES / FRANCIÉRIC ALVES DE ARAÚJO,-,,
IFPI ,BR 51 2019 002316 1,16/10/2019,PREDICTED HLA THREE-DIMENSIONAL STRUCTURES DATABASE,RUBY," BL-07 / SD-09 (Bioquímica -  Eng Biomed Engenharia Biomédica, ciências paramédicas)",GI-01 Gerenc Info - Gerenciador de Informaçöes,"FUNDAÇÃO INSTITUTO FEDERAL DE EDUCAÇÃO, CIÊNCIA E TECNOLOGIA DO PIAUÍ / FUNDAÇÃO UNIVERSIDADE ESTADUAL DO PIAUÍ / UNIVERSIDADE FEDERAL DO PIAUÍ", ADALBERTO SOCORRO DA SILVA / ANTONIO GILBERTO BORGES COELHO / ANTONIO VANILDO DE SOUSA LIMA / DEYLANE MENEZES TELES E OLIVEIRA / FRANCISCO DAS CHAGAS ALVES LIMA / JHONATAN MATHEUS SOUSA COSTA / LUIZ CLAUDIO DEMES DA MATA SOUSA / MÁRIO SÉRGIO COELHO MARROQUIM / RAFAEL MELO SANTOS DE SERPA BRANDÃO / RICARDO MARTINS RAMOS / SEMIRAMIS JAMIL HADAD DO MONTE,-,,
IFPI ,BR 51 2019 002079 0,19/9/2019,SEMINFO CAOEI, HTML / JAVA SCRIPT, IF-01 / IF-07 (Informaçäo -  Ciênc Info),AP-01 APLICATIVO - APLICATIVOS,"INSTITUTO FEDERAL DE EDUCAÇÃO, CIÊNCIA E TECNOLOGIA DO PIAUÍ",FABIO LUIZ ALMEIDA ROLIM / RAILMA RODRIGUES DOS SANTOS / THIAGO ANTONIO ALVES / WELISSON DA SILVA MOURA,-,,
IFPI ,BR 51 2018 052334 0,07/12/2018,CardapioCapau,JAVA,SV-01 (Serviços,AP-01 APLICATIVO - APLICATIVOS,"INSTITUTO FEDERAL DE EDUCAÇÃO, CIÊNCIA E TECNOLOGIA DO PIAUÍ",CÍCERO EDUARDO DE SOUSA WALTER / DANIEL LEITE VIANA COSTA / FÁBIO LUIZ ALMEIDA ROLIM / HUMBÉRILA DA COSTA E SILVA MELO / MARINA BEZERRA DA SILVA / RAILMA RODRIGUES DOS SANTOS / ROBSON ALMEIDA BORGES DE FREITAS / SEBASTIÃO PEREIRA DO NASCIMENTO,-,,
IFPI ,BR 51 2018 052322 6,07/12/2018,StockV3,JAVA SCRIPT / PHP / SQL,AD-08 (Adm Materl," AP-03 , AT-01 , FA-01 ( Controle -  Automaçäo -  Ferramenta de Apoio)","INSTITUTO FEDERAL DE EDUCAÇÃO, CIÊNCIA E TECNOLOGIA DO PIAUÍ",CÍCERO EDUARDO DE SOUSA WALTER / DANIEL LEITE VIANA COSTA / FÁBIO LUIZ ALMEIDA ROLIM / HUMBÉRILA DA COSTA E SILVA MELO / MARINA BEZERRA DA SILVA / RAILMA RODRIGUES DOS SANTOS / ROBSON ALMEIDA BORGES DE FREITAS / SEBASTIÃO PEREIRA DO NASCIMENTO,-,,
IFPI ,BR 51 2018 052319 6,07/12/2018,nWin: Gerador de apostas lotéricas,JAVA," FN-05 / IF-10 (Adm Finan, Genérico )"," ET-04 , FA-01 (Simuladores - Ferrm Apoio)","INSTITUTO FEDERAL DE EDUCAÇÃO, CIÊNCIA E TECNOLOGIA DO PIAUÍ",  CÍCERO EDUARDO DE SOUSA WALTER / DANIEL LEITE VIANA COSTA / FÁBIO LUIZ ALMEIDA ROLIM / HUMBÉRILA DA COSTA E SILVA MELO / MARINA BEZERRA DA SILVA / RAILMA RODRIGUES DOS SANTOS / ROBSON ALMEIDA BORGES DE FREITAS / SEBASTIÃO PEREIRA DO NASCIMENTO,-,,
IFPI ,BR 51 2018 052316 1,7/12/2018,GeNe,EXCEL, AD-05 / EC-14 ( Adm Empres -  Empresa ),FA-03 ( Planilhas Eletrônicas),"INSTITUTO FEDERAL DE EDUCAÇÃO, CIÊNCIA E TECNOLOGIA DO PIAUÍ", CÍCERO EDUARDO DE SOUSA WALTER / DANIEL LEITE VIANA COSTA / FÁBIO LUIZ ALMEIDA ROLIM / HUMBÉRILA DA COSTA E SILVA MELO / MARINA BEZERRA DA SILVA / RAILMA RODRIGUES DOS SANTOS / ROBSON ALMEIDA BORGES DE FREITAS / SEBASTIÃO PEREIRA DO NASCIMENTO,-,,
IFPI ,BR 51 2018 052133 9,19/11/2018,Production Game, EXCEL,AD-06 (Adm Prod,FA-03 ( Planilhas Eletrônicas),"INSTITUTO FEDERAL DE EDUCAÇÃO, CIÊNCIA E TECNOLOGIA DO PIAUÍ",CÍCERO EDUARDO DE SOUSA WALTER / FÁBIO LUIZ ALMEIDA ROLIM / MARINA BEZERRA DA SILVA / ROBSON ALMEIDA BORGES DE FREITAS / SEBASTIÃO PEREIRA DO NASIMENTO,-,,
IFPI ,BR 51 2018 001511 5,23/08/2018,Irrigafacil,JAVA, AG-01 / AG-04 ( Agricultura - Economia agrícola),AP-01 (APLICATIVO - APLICATIVOS),"INSTITUTO FEDERAL DE EDUCAÇÃO, CIÊNCIA E TECNOLOGIA DO PIAUÍ", FABIO LUIZ ALMEIDA ROLIM / MARINA BEZERRA DA SILVA / ROBSON ALMEIDA BORGES DE FREITAS / SEBASTIÃO PEREIRA DO NASIMENTO44444444444444444444444444444444444444444444444444,-,,
IFPI ,BR 51 2018 001468 2,17/08/2018,Optimus-report,JAVA SCRIPT / PHP / POSTGREE SQL / SQL, AD-05 / FN-06 4(Adm Empres -Contabilide )," AP-01 , AP-02 , AP-03 , AP-05 , AT-03, AV-01 , AV-02 , FA-01, FA-04 , GI-01 , GI-04 ()","INSTITUTO FEDERAL DE EDUCAÇÃO, CIÊNCIA E TECNOLOGIA DO PIAUÍ",FÁBIO LUIZ ALMEIDA ROLIM / MARINA BEZERRA DA SILVA,-,,
IFPI ,BR 51 2018 001467 4,17/08/2018,HELPFISH, JAVA SCRIPT, AG-01 / AG-14 / FN-05 / SV-03,"AP-01 , AP-02 , AP-03","INSTITUTO FEDERAL DE EDUCAÇÃO, CIÊNCIA E TECNOLOGIA DO PIAUÍ", CÍCERO EDUARDO DE SOUSA WALTER / FÁBIO LUIZ,-,,
IFPI ,BR 51 2016 001627 2,17/11/2016,SISTEMA DE MURAL ELETRÔNICO SIMPLIFICADO,BOOTSTRAP / CSS3 / HTML5 / JQUERY / JS / MYSQL / PHP,CO-04 (Comunicaçao),GI-02 ( Gerenciador de Banco de Dados),"INSTITUTO FEDERAL DE EDUCAÇÃO, CIÊNCIA E TECNOLOGIA DO PIAUÍ",ROBSON PIRES BORGES,-,,
IFPI ,BR 51 2016 001628 0,17/11/2016,SISTEMA DE CAMPAINHA AUTOMATIZADA,DELPHI / PASCAL,TB-01(Trabalho),AT-01 (Automaçäo) ,"INSTITUTO FEDERAL DE EDUCAÇÃO, CIÊNCIA E TECNOLOGIA DO PIAUÍ",ROBSON PIRES BORGES,-,,
IFPI ,BR 51 2015 000293 7,23/03/2015,THMONITOR,  HTML / JAVASCRIPT / PHP, IF-02 / IN-03 / SD-02 / SD-09 / SD-10," AT-01 , FA-01 , GI-01 , GI-04 , IT-03","INSTITUTO FEDERAL DE EDUCAÇÃO, CIÊNCIA E TECNOLOGIA DO PIAUÍ",ALEXANDRE TOLSTENKO NOGUEIRA / ARATÂ ANDRADE SARAIVA / AYRTON DE SÁ BRANDIM / FELIPE RESENDE GOMES / FLÁVIO ALVES DOS SANTOS / FRANCISCO MARCELINO ALMEIDA DE ARAÚJO / PABLO HENRIQUE RIBEIRO BEZERRA444444,-,,
IFPI ,BR 51 2015 000294 5,23/03/2015,STRABIMUS," JAVA SCRIPT / XML,C#,SHADER / YAML,JSON", IF-02 / IN-03 / SD-03," AT-01 , FA-01 , GI-01 , GI-04 , IT-03","INSTITUTO FEDERAL DE EDUCAÇÃO, CIÊNCIA E TECNOLOGIA DO PIAUÍ",ALEXANDRE TOLSTENKO NOGUEIRA / ARATÂ ANDRADE SARAIVA / AYRTON DE SÁ BRANDIM / FELIPE RESENDE GOMES / FLÁVIO ALVES DOS SANTOS / FRANCISCO MARCELINO ALMEIDA DE ARAÚJO / PABLO HENRIQUE RIBEIRO BEZERRA,-,,
ISEAF,NÃO TEM NENHUM DADO NO INPI,,,,,,,,,,
,,,,,,,,,,,
,,,DADOS 2024,,,,,,,,
UFDPAR,BR 51 2024 000994 9,28/03/2024,PLASTIC SURGERY REHABILITATION, CSS / HTML / JAVA SCRIPT,SD-06,AP-01 (Aplicativos),"UNIVERSIDADE FEDERAL DO DELTA DO PARNAÍBA
 ANDRESSA ARAÚJO RODRIGUES DA SILVA / ARIEL SOARES TELES / DANIEL DA SILVA FARIAS / JACKS RENAN NEVES FERNANDES /",,,,
UFDPAR,BR 51 2024 000993 0,28/03/2024,READING UP: APLICATIVO MÓVEL PARA LEITURA GUIADA,CSS / HTML / JAVA SCRIPT,ED-06,AP-01 (Aplicativos),"UNIVERSIDADE FEDERAL DO DELTA DO PARNAÍBA
 ANDRESSA ARAÚJO RODRIGUES DA SILVA / ARIEL SOARES TELES / DANIEL DA SILVA FARIAS / JACKS RENAN NEVES FERNANDES",,,,
UFDPAR,BR 51 2024 000992 2,28/03/2024,MUSIC THERAPY RHYTHMS,CSS / HTML / JAVA SCRIPT,CO-05 / SD-06,AP-01 (Aplicativos),UNIVERSIDADE FEDERAL DO DELTA DO PARNAÍBA - ANDRESSA ARAÚJO RODRIGUES DA SILVA / ARIEL SOARES TELES / DANIEL DA SILVA FARIAS / JACKS RENAN NEVES FERNANDES,,,,
UFDPAR,BR 51 2024 000991 4,28/03/2024,AphasiaGo,CSS / HTML / JAVA SCRIPT, SD-06," ET-02 , FA-01",UNIVERSIDADE FEDERAL DO DELTA DO PARNAÍBA,,,,
,,,,,,,,,,,
,,,,,,,,,,,
,,,DADOS 2024,,,,,,,,
Sigla,Pedido,Depósito,Título,,,,,,,,
UFPI,BR 51 2024 002579 0,22/07/2024,SheepScanQuality: Uma Ferramenta para avaliação de carcaças de ovinos utilizando imagens de ultrassonografia,,,,,,,,
UFPI,BR 51 2024 002465 4,16/07/2024,PBFT-APM,,,,,,,,
UFPI,BR 51 2024 002172 8,26/06/2024,Punção,,,,,,,,
UFPI,BR 51 2024 002133 7,24/06/2024,CompositeApp-Pilares Mistos,,,,,,,,
UFPI,BR 51 2024 002045 4,18/06/2024,Produto Educacional Jogo PÉ NO FREIO!,,,,,,,,
UFPI,BR 51 2024 001634 1,17/05/2024,Sistema ACV-2D aplicado ao estudo de percolação,,,,,,,,
UFPI,BR 51 2024 001300 8,22/04/2024,Many as Only One Quad-Core - MOON IV,,,,,,,,
UFPI,BR 51 2024 001293 1,22/04/2024,NeoPain,,,,,,,,
UFPI,BR 51 2024 000958 2,26/03/2024,SICAS - Sistema de Controle de Animais Silvestres,,,,,,,,
UFPI,BR 51 2024 000807 1,14/03/2024,SIGest - Aplicação mobile para auxílio aos profissionais da saúde na assistência e tratamento médico de sífilis durante a gravidez,,,,,,,,
UFPI,BR 51 2024 000644 3,04/03/2024,PREGest - Ferramenta auxílio aos profissionais de saúde na prestação de cuidados a gestantes com Pré-Eclâmpsia,,,,,,,,
UFPI,BR 51 2024 000640 0,04/03/2024,AAREM - Avaliador Automa´tico de Redac¸o~es para o Ensino Me´dio,,,,,,,,
UFPI,BR 51 2024 000530 7,22/02/2024,HLA-API - API (Application Programming Interface) para Automatização do processo de modelagem de moléculas HLA,,,,,,,,
UFPI,BR 51 2024 000478 5,17/02/2024,Nutricheck: um aplicativo para auxiliar no monitoramento da qualidade da alimentação escolar,,,,,,,,
UFPI,BR 51 2024 000303 7,01/02/2024,LVC-info®,,,,,,,,
UFPI,BR 51 2024 000302 9,01/02/2024,"Sistema de notificação de incidentes, eventos adversos e queixas técnicas - Hospnotifica®",,,,,,,,